{
  "Format": "1.7",
  
  "ConfigSchema": {
    "BrownCow": {"AllowValues": "SolidBlack, SolidGrey, SolidWhite, SolidBlonde, SolidBrown, SpottedBlack, SpottedGrey, SpottedBlonde, SpottedBrown, HerefordBlack, HerefordGrey, HerefordBlonde, HerefordBrown, BeltedBlack, BeltedGrey, BeltedBlonde, BeltedBrown, DeerBlack, DeerBlonde, DeerBrown, DeerGrey, DeerWhite, DeerCream, SolidCream, False",
	"Default": "SpottedBrown"},
	
    "WhiteCow": {"AllowValues": "SolidBlack, SolidGrey, SolidWhite, SolidBlonde, SolidBrown, SpottedBlack, SpottedGrey, SpottedBlonde, SpottedBrown, HerefordBlack, HerefordGrey, HerefordBlonde, HerefordBrown, BeltedBlack, BeltedGrey, BeltedBlonde, BeltedBrown, DeerBlack, DeerBlonde, DeerBrown, DeerGrey, DeerWhite, DeerCream, SolidCream, False",
	"Default": "SpottedGrey"},
	
	"Goat": {"AllowValues": "SolidBlack, SolidGrey, SolidWhite, SolidBlonde, SolidBrown, PointedBlack, PointedGrey, PointedBlonde, PointedBrown, BeltedBlack, BeltedGrey, BeltedBlonde, BeltedBrown, DeerBlack, DeerBlonde, DeerBrown, DeerGrey, DeerWhite, DeerCream, SolidCream, False",
	"Default": "SolidBlonde"},
	
	"Sheep": {"AllowValues": "SolidBlack, SolidGrey, SolidWhite, SolidBlonde, SolidBrown, PointedBlack, PointedGrey, PointedBlonde, PointedBrown, AlpacaBlack, AlpacaBlonde, AlpacaBrown, AlpacaGrey, AlpacaWhite, AlpacaCream, SolidCream, False",
	"Default": "SolidCream"},
	
	"Pig": {"AllowValues": "SolidBlack, SolidGrey, SolidWhite, SolidBrown, SolidPink, SpottedGrey, SpottedCream, SpottedBrown, SpottedPink, BeltedBlack, BeltedGrey, BeltedBrown, BeltedPink, DeerBlack, DeerBlonde, DeerBrown, DeerGrey, DeerWhite, DeerCream, SolidCream, False",
	"Default": "SolidPink"},
	
	"Ostrich": {"AllowValues": "Black, Grey, White, Blonde, Brown, False",
	"Default": "Black"},
	
	"ShopIcons": {"AllowValues": "True, False",
	"Default": "True"},
	
	"WoolRecolor": {"AllowValues": "True, False",
	"Default": "True"},
	
	"ClothRecolor": {"AllowValues": "True, False",
	"Default": "True"},



	},
	
  "Changes": [
       // Brown Cow
       {
          "Action": "EditImage",
          "Target": "Animals/Brown Cow",
          "FromFile": "assets/Cow/{{BrownCow}}.png",
		  "When": {
		  "BrownCow": "SolidBlack, SolidGrey, SolidWhite, SolidBlonde, SolidBrown, SpottedBlack, SpottedGrey, SpottedBlonde, SpottedBrown, HerefordBlack, HerefordGrey, HerefordBlonde, HerefordBrown, BeltedBlack, BeltedGrey, BeltedBlonde, BeltedBrown, DeerBlack, DeerBlonde, DeerBrown, DeerGrey, DeerWhite, DeerCream, SolidCream",
		  }
       },
	   
	    // BabyBrown Cow
       {
          "Action": "EditImage",
          "Target": "Animals/BabyBrown Cow",
          "FromFile": "assets/Cow/{{BrownCow}}Baby.png",
		  "When": {
		  "BrownCow": "SolidBlack, SolidGrey, SolidWhite, SolidBlonde, SolidBrown, SpottedBlack, SpottedGrey, SpottedBlonde, SpottedBrown, HerefordBlack, HerefordGrey, HerefordBlonde, HerefordBrown, BeltedBlack, BeltedGrey, BeltedBlonde, BeltedBrown, DeerBlack, DeerBlonde, DeerBrown, DeerGrey, DeerWhite, DeerCream, SolidCream",
		  }
       },
	   
	   
	   // White Cow
       {
          "Action": "EditImage",
          "Target": "Animals/White Cow",
          "FromFile": "assets/Cow/{{WhiteCow}}.png",
		  "When": {
		  "WhiteCow": "SolidBlack, SolidGrey, SolidWhite, SolidBlonde, SolidBrown, SpottedBlack, SpottedGrey, SpottedBlonde, SpottedBrown, HerefordBlack, HerefordGrey, HerefordBlonde, HerefordBrown, BeltedBlack, BeltedGrey, BeltedBlonde, BeltedBrown, DeerBlack, DeerBlonde, DeerBrown, DeerGrey, DeerWhite, DeerCream, SolidCream",
		  }
       },
	   
	    // BabyWhite Cow
       {
          "Action": "EditImage",
          "Target": "Animals/BabyWhite Cow",
          "FromFile": "assets/Cow/{{WhiteCow}}Baby.png",
		  "When": {
		  "WhiteCow": "SolidBlack, SolidGrey, SolidWhite, SolidBlonde, SolidBrown, SpottedBlack, SpottedGrey, SpottedBlonde, SpottedBrown, HerefordBlack, HerefordGrey, HerefordBlonde, HerefordBrown, BeltedBlack, BeltedGrey, BeltedBlonde, BeltedBrown, DeerBlack, DeerBlonde, DeerBrown, DeerGrey, DeerWhite, DeerCream, SolidCream",
		  }
       },
	   
	   
	   // Goat
       {
          "Action": "EditImage",
          "Target": "Animals/Goat",
          "FromFile": "assets/Goat/{{Goat}}.png",
		  "When": {
		  "Goat": "SolidBlack, SolidGrey, SolidWhite, SolidBlonde, SolidBrown, PointedBlack, PointedGrey, PointedBlonde, PointedBrown, BeltedBlack, BeltedGrey, BeltedBlonde, BeltedBrown, DeerBlack, DeerBlonde, DeerBrown, DeerGrey, DeerWhite, DeerCream, SolidCream",
		  }
       },
	   
	    // BabyGoat
       {
          "Action": "EditImage",
          "Target": "Animals/BabyGoat",
          "FromFile": "assets/Goat/{{Goat}}Baby.png",
		  "When": {
		  "Goat": "SolidBlack, SolidGrey, SolidWhite, SolidBlonde, SolidBrown, PointedBlack, PointedGrey, PointedBlonde, PointedBrown, BeltedBlack, BeltedGrey, BeltedBlonde, BeltedBrown, DeerBlack, DeerBlonde, DeerBrown, DeerGrey, DeerWhite, DeerCream, SolidCream",
		  }
       },
	   
	   
	    // Sheep
       {
          "Action": "EditImage",
          "Target": "Animals/Sheep",
          "FromFile": "assets/Sheep/{{Sheep}}.png",
		  "When": {
		  "Sheep": "SolidBlack, SolidGrey, SolidWhite, SolidBlonde, SolidBrown, PointedBlack, PointedGrey, PointedBlonde, PointedBrown, AlpacaBlack, AlpacaBlonde, AlpacaBrown, AlpacaGrey, AlpacaWhite, AlpacaCream, SolidCream",
		  }
       },
	   
	   // ShearedSheep
       {
          "Action": "EditImage",
          "Target": "Animals/ShearedSheep",
          "FromFile": "assets/Sheep/{{Sheep}}Sheared.png",
		  "When": {
		  "Sheep": "SolidBlack, SolidGrey, SolidWhite, SolidBlonde, SolidBrown, PointedBlack, PointedGrey, PointedBlonde, PointedBrown, AlpacaBlack, AlpacaBlonde, AlpacaBrown, AlpacaGrey, AlpacaWhite, AlpacaCream, SolidCream",
		  }
       },
	   
	    // BabySheep
       {
          "Action": "EditImage",
          "Target": "Animals/BabySheep",
          "FromFile": "assets/Sheep/{{Sheep}}Baby.png",
		  "When": {
		  "Sheep": "SolidBlack, SolidGrey, SolidWhite, SolidBlonde, SolidBrown, PointedBlack, PointedGrey, PointedBlonde, PointedBrown, AlpacaBlack, AlpacaBlonde, AlpacaBrown, AlpacaGrey, AlpacaWhite, AlpacaCream, SolidCream",
		  }
       },
	   
	   
	   // Pig
       {
          "Action": "EditImage",
          "Target": "Animals/Pig",
          "FromFile": "assets/Pig/{{Pig}}.png",
		  "When": {
		  "Pig": "SolidBlack, SolidGrey, SolidWhite, SolidBrown, SolidPink, SpottedGrey, SpottedCream, SpottedBrown, SpottedPink, BeltedBlack, BeltedGrey, BeltedBrown, BeltedPink, DeerBlack, DeerBlonde, DeerBrown, DeerGrey, DeerWhite, DeerCream, SolidCream",
		  }
       },
	   
	    // BabyPig
       {
          "Action": "EditImage",
          "Target": "Animals/BabyPig",
          "FromFile": "assets/Pig/{{Pig}}Baby.png",
		  "When": {
		  "Pig": "SolidBlack, SolidGrey, SolidWhite, SolidBrown, SolidPink, SpottedGrey, SpottedCream, SpottedBrown, SpottedPink, BeltedBlack, BeltedGrey, BeltedBrown, BeltedPink, DeerBlack, DeerBlonde, DeerBrown, DeerGrey, DeerWhite, DeerCream, SolidCream",
		  }
       },
	   
	   //Shop Icons
       {
          "Action": "EditImage",
          "Target": "LooseSprites/Cursors",
          "FromFile": "assets/ShopIcons.png",
          "FromArea": { "X": 32, "Y": 0, "Width": 64, "Height": 16 }, 
          "ToArea": { "X": 32, "Y": 448, "Width": 64, "Height": 16 },
          "Patchmode": "Replace",
		  "When": {
		  "ShopIcons": "True",
		  }
       },
       {
          "Action": "EditImage",
          "Target": "LooseSprites/Cursors",
          "FromFile": "assets/ShopIcons.png",
          "FromArea": { "X": 32, "Y": 16, "Width": 32, "Height": 16 }, 
          "ToArea": { "X": 32, "Y": 464, "Width": 32, "Height": 16 },
          "Patchmode": "Replace",
		  "When": {
		  "ShopIcons": "True",
		  }
       },
       {
          "Action": "EditImage",
          "Target": "LooseSprites/Cursors",
          "FromFile": "assets/ShopIcons.png",
          "FromArea": { "X": 0, "Y": 32, "Width": 32, "Height": 16 }, 
          "ToArea": { "X": 0, "Y": 480, "Width": 32, "Height": 16 },
          "Patchmode": "Replace",
		  "When": {
		  "ShopIcons": "True",
		  }
       },
	   
       // Ostrich
       {
          "Action": "EditImage",
          "Target": "Animals/Ostrich",
          "FromFile": "assets/Ostrich/{{Ostrich}}.png",
		  "When": {
		  "Ostrich": "Black, Grey, White, Blonde, Brown",
		  }
       },
       {
          "Action": "EditImage",
          "Target": "Animals/BabyOstrich",
          "FromFile": "assets/Ostrich/{{Ostrich}}Baby.png",
		  "When": {
		  "Ostrich": "Black, Grey, White, Blonde, Brown",
		  }
       },
	   
	   //Items
       {
          "Action": "EditImage",
          "Target": "Maps/springobjects",
          "FromFile": "assets/Wool_Black.png",
          "FromArea": { "X": 0, "Y": 0, "Width": 16, "Height": 16 }, 
          "ToArea": { "X": 128, "Y": 288, "Width": 16, "Height": 16 },
          "Patchmode": "Replace",
		  "When": {
		  "WoolRecolor": "True",
		  "Sheep": "SolidBlack, PointedBlack, AlpacaBlack",
		  }
       },
       {
          "Action": "EditImage",
          "Target": "Maps/springobjects",
          "FromFile": "assets/Wool_Grey.png",
          "FromArea": { "X": 0, "Y": 0, "Width": 16, "Height": 16 }, 
          "ToArea": { "X": 128, "Y": 288, "Width": 16, "Height": 16 },
          "Patchmode": "Replace",
		  "When": {
		  "WoolRecolor": "True",
		  "Sheep": "SolidGrey, PointedGrey, AlpacaGrey",
		  }
       },
       {
          "Action": "EditImage",
          "Target": "Maps/springobjects",
          "FromFile": "assets/Wool_White.png",
          "FromArea": { "X": 0, "Y": 0, "Width": 16, "Height": 16 }, 
          "ToArea": { "X": 128, "Y": 288, "Width": 16, "Height": 16 },
          "Patchmode": "Replace",
		  "When": {
		  "WoolRecolor": "True",
		  "Sheep": "SolidWhite, AlpacaWhite",
		  }
       },
       {
          "Action": "EditImage",
          "Target": "Maps/springobjects",
          "FromFile": "assets/Wool_Cream.png",
          "FromArea": { "X": 0, "Y": 0, "Width": 16, "Height": 16 }, 
          "ToArea": { "X": 128, "Y": 288, "Width": 16, "Height": 16 },
          "Patchmode": "Replace",
		  "When": {
		  "WoolRecolor": "True",
		  "Sheep": "SolidCream, AlpacaCream",
		  }
       },
       {
          "Action": "EditImage",
          "Target": "Maps/springobjects",
          "FromFile": "assets/Wool_Blonde.png",
          "FromArea": { "X": 0, "Y": 0, "Width": 16, "Height": 16 }, 
          "ToArea": { "X": 128, "Y": 288, "Width": 16, "Height": 16 },
          "Patchmode": "Replace",
		  "When": {
		  "WoolRecolor": "True",
		  "Sheep": "SolidBlonde, PointedBlonde, AlpacaBlonde",
		  }
       },
       {
          "Action": "EditImage",
          "Target": "Maps/springobjects",
          "FromFile": "assets/Wool_Brown.png",
          "FromArea": { "X": 0, "Y": 0, "Width": 16, "Height": 16 }, 
          "ToArea": { "X": 128, "Y": 288, "Width": 16, "Height": 16 },
          "Patchmode": "Replace",
		  "When": {
		  "WoolRecolor": "True",
		  "Sheep": "SolidBrown, PointedBrown, AlpacaBrown",
		  }
       },
       {
          "Action": "EditImage",
          "Target": "Maps/springobjects",
          "FromFile": "assets/Cloth_Black.png",
          "FromArea": { "X": 0, "Y": 0, "Width": 16, "Height": 16 }, 
          "ToArea": { "X": 320, "Y": 272, "Width": 16, "Height": 16 },
          "Patchmode": "Replace",
		  "When": {
		  "ClothRecolor": "True",
		  "Sheep": "SolidBlack, PointedBlack, AlpacaBlack",
		  }
       },
       {
          "Action": "EditImage",
          "Target": "Maps/springobjects",
          "FromFile": "assets/Cloth_Grey.png",
          "FromArea": { "X": 0, "Y": 0, "Width": 16, "Height": 16 }, 
          "ToArea": { "X": 320, "Y": 272, "Width": 16, "Height": 16 },
          "Patchmode": "Replace",
		  "When": {
		  "ClothRecolor": "True",
		  "Sheep": "SolidGrey, PointedGrey, AlpacaGrey",
		  }
       },
       {
          "Action": "EditImage",
          "Target": "Maps/springobjects",
          "FromFile": "assets/Cloth_White.png",
          "FromArea": { "X": 0, "Y": 0, "Width": 16, "Height": 16 }, 
          "ToArea": { "X": 320, "Y": 272, "Width": 16, "Height": 16 },
          "Patchmode": "Replace",
		  "When": {
		  "ClothRecolor": "True",
		  "Sheep": "SolidWhite, AlpacaWhite",
		  }
       },
       {
          "Action": "EditImage",
          "Target": "Maps/springobjects",
          "FromFile": "assets/Cloth_Cream.png",
          "FromArea": { "X": 0, "Y": 0, "Width": 16, "Height": 16 }, 
          "ToArea": { "X": 320, "Y": 272, "Width": 16, "Height": 16 },
          "Patchmode": "Replace",
		  "When": {
		  "ClothRecolor": "True",
		  "Sheep": "SolidCream, AlpacaCream",
		  }
       },
       {
          "Action": "EditImage",
          "Target": "Maps/springobjects",
          "FromFile": "assets/Cloth_Blonde.png",
          "FromArea": { "X": 0, "Y": 0, "Width": 16, "Height": 16 }, 
          "ToArea": { "X": 320, "Y": 272, "Width": 16, "Height": 16 },
          "Patchmode": "Replace",
		  "When": {
		  "ClothRecolor": "True",
		  "Sheep": "SolidBlonde, PointedBlonde, AlpacaBlonde",
		  }
       },
       {
          "Action": "EditImage",
          "Target": "Maps/springobjects",
          "FromFile": "assets/Cloth_Brown.png",
          "FromArea": { "X": 0, "Y": 0, "Width": 16, "Height": 16 }, 
          "ToArea": { "X": 320, "Y": 272, "Width": 16, "Height": 16 },
          "Patchmode": "Replace",
		  "When": {
		  "ClothRecolor": "True",
		  "Sheep": "SolidBrown, PointedBrown, AlpacaBrown",
		  }
       },
    ]
}