{
  "name": "Fish Nursery",
  "Description": "A safe environment for your roe and pup to grow into adult fish, do not mix different types of fish! Can hold up to 1 clutch of roe 4 fish pup at the same time and the better bait you place the faster they grow.",
  "provideslight": false,
  "ReserveExtraIndexCount": 13,
   "Recipe":
  {
    "ResultCount": 1,
        "Ingredients": [
        {
            "Object": 709,
            "Count": 10,
        },
        {
            "Object": 710,
            "Count": 1,
        },
        {
            "Object": 122,
            "Count": 1,
        },
        {
            "Object": 335,
            "Count": 1,
        },
		{
            "Object": 336,
            "Count": 1,
        },
        ],
  },
  "NameLocalization":
  {
        "es": "Criadero de peces.",
  },
    "DescriptionLocalization":
  {
        "es": "Un entorno seguro para que sus huevas y crias se conviertan en peces adultos, ¡no mezcle diferentes tipos de peces! Puede contener hasta 1 nidada de huevas de 4 crías de pez al mismo tiempo y cuanto mejor sea cebo uses, más rápido crecerán.",
  }
}
  
