<?xml version="1.0"?>
<doc>
    <assembly>
        <name>TehPers.FishingOverhaul</name>
    </assembly>
    <members>
        <member name="T:TehPers.FishingOverhaul.Config.ContentPacks.FishingContentPack">
            <summary>
            Fishing content pack.
            </summary>
        </member>
        <member name="P:TehPers.FishingOverhaul.Config.ContentPacks.FishingContentPack.Schema">
            <inheritdoc cref="P:TehPers.FishingOverhaul.Config.JsonConfigRoot.Schema"/>
        </member>
        <member name="P:TehPers.FishingOverhaul.Config.ContentPacks.FishingContentPack.SetFishTraits">
            <summary>
            Fish traits to set.
            </summary>
        </member>
        <member name="P:TehPers.FishingOverhaul.Config.ContentPacks.FishingContentPack.RemoveFishTraits">
            <summary>
            Fish traits to remove. Only entries from your mod's dependencies (including Teh's
            Fishing Overhaul) will be removed.
            </summary>
        </member>
        <member name="P:TehPers.FishingOverhaul.Config.ContentPacks.FishingContentPack.AddFish">
            <summary>
            Fish entries to add.
            </summary>
        </member>
        <member name="P:TehPers.FishingOverhaul.Config.ContentPacks.FishingContentPack.RemoveFish">
            <summary>
            Fish entries to remove. Only entries from your mod's dependencies (including Teh's
            Fishing Overhaul) will be removed.
            </summary>
        </member>
        <member name="P:TehPers.FishingOverhaul.Config.ContentPacks.FishingContentPack.AddTrash">
            <summary>
            Trash entries to add.
            </summary>
        </member>
        <member name="P:TehPers.FishingOverhaul.Config.ContentPacks.FishingContentPack.RemoveTrash">
            <summary>
            Trash entries to remove. Only entries from your mod's dependencies (including Teh's
            Fishing Overhaul) will be removed.
            </summary>
        </member>
        <member name="P:TehPers.FishingOverhaul.Config.ContentPacks.FishingContentPack.AddTreasure">
            <summary>
            Treasure entries to add.
            </summary>
        </member>
        <member name="P:TehPers.FishingOverhaul.Config.ContentPacks.FishingContentPack.RemoveTreasure">
            <summary>
            Treasure entries to remove. Only entries from your mod's dependencies (including Teh's
            Fishing Overhaul) will be removed.
            </summary>
        </member>
        <member name="P:TehPers.FishingOverhaul.Config.ContentPacks.FishingContentPack.AddEffects">
            <summary>
            Fishing effects entries to add.
            </summary>
        </member>
        <member name="P:TehPers.FishingOverhaul.Config.ContentPacks.FishingContentPack.Include">
            <summary>
            The additional content files to include. These are treated the same as your mod's
            content.json. The paths are relative to this file's content.json (this is different
            than Content Patcher!).
            </summary>
        </member>
        <member name="M:TehPers.FishingOverhaul.Config.ContentPacks.FishingContentPack.AddTo(TehPers.FishingOverhaul.Api.Content.FishingContent,System.String,StardewModdingAPI.IContentPack,TehPers.Core.Api.Json.IJsonProvider,StardewModdingAPI.IMonitor,System.Collections.Generic.List{System.String})">
            <summary>
            Merges all the content into a single content object.
            </summary>
            <param name="content">The content to merge into.</param>
            <param name="baseDir">The base directory to load included content from.</param>
            <param name="contentPack">The content pack.</param>
            <param name="jsonProvider">The JSON provider.</param>
            <param name="monitor">The monitor to log errors to.</param>
            <param name="warnings">The warnings generated when adding this content pack.</param>
        </member>
        <member name="T:TehPers.FishingOverhaul.Config.ContentPacks.FishPack">
            <summary>
            Content which controls what fish are available to catch.
            </summary>
        </member>
        <member name="P:TehPers.FishingOverhaul.Config.ContentPacks.FishPack.Schema">
            <inheritdoc cref="P:TehPers.FishingOverhaul.Config.JsonConfigRoot.Schema" />
        </member>
        <member name="P:TehPers.FishingOverhaul.Config.ContentPacks.FishPack.Add">
            <summary>
            The fish entries to add.
            </summary>
        </member>
        <member name="M:TehPers.FishingOverhaul.Config.ContentPacks.FishPack.AddTo(TehPers.FishingOverhaul.Api.Content.FishingContent)">
            <summary>
            Merges all the fish entries into a single content object.
            </summary>
            <param name="content">The content to merge into.</param>
        </member>
        <member name="T:TehPers.FishingOverhaul.Config.ContentPacks.FishTraitsPack">
            <summary>
            Content which modifies the behavior of fish.
            </summary>
        </member>
        <member name="P:TehPers.FishingOverhaul.Config.ContentPacks.FishTraitsPack.Schema">
            <inheritdoc cref="P:TehPers.FishingOverhaul.Config.JsonConfigRoot.Schema" />
        </member>
        <member name="P:TehPers.FishingOverhaul.Config.ContentPacks.FishTraitsPack.Add">
            <summary>
            The fish traits to add.
            </summary>
        </member>
        <member name="M:TehPers.FishingOverhaul.Config.ContentPacks.FishTraitsPack.AddTo(TehPers.FishingOverhaul.Api.Content.FishingContent)">
            <summary>
            Merges all the traits into a single content object.
            </summary>
            <param name="content">The content to merge into.</param>
        </member>
        <member name="T:TehPers.FishingOverhaul.Config.ContentPacks.TrashPack">
            <summary>
            Content which controls what trash are available to catch.
            </summary>
        </member>
        <member name="P:TehPers.FishingOverhaul.Config.ContentPacks.TrashPack.Schema">
            <inheritdoc cref="P:TehPers.FishingOverhaul.Config.JsonConfigRoot.Schema" />
        </member>
        <member name="P:TehPers.FishingOverhaul.Config.ContentPacks.TrashPack.Add">
            <summary>
            The trash entries to add.
            </summary>
        </member>
        <member name="M:TehPers.FishingOverhaul.Config.ContentPacks.TrashPack.AddTo(TehPers.FishingOverhaul.Api.Content.FishingContent)">
            <summary>
            Merges all the trash entries into a single content object.
            </summary>
            <param name="content">The content to merge into.</param>
        </member>
        <member name="T:TehPers.FishingOverhaul.Config.ContentPacks.TreasurePack">
            <summary>
            Content which controls what treasure are available to catch.
            </summary>
        </member>
        <member name="P:TehPers.FishingOverhaul.Config.ContentPacks.TreasurePack.Schema">
            <inheritdoc cref="P:TehPers.FishingOverhaul.Config.JsonConfigRoot.Schema" />
        </member>
        <member name="P:TehPers.FishingOverhaul.Config.ContentPacks.TreasurePack.Add">
            <summary>
            The treasure entries to add.
            </summary>
        </member>
        <member name="M:TehPers.FishingOverhaul.Config.ContentPacks.TreasurePack.AddTo(TehPers.FishingOverhaul.Api.Content.FishingContent)">
            <summary>
            Merges all the treasure entries into a single content object.
            </summary>
            <param name="content">The content to merge into.</param>
        </member>
        <member name="T:TehPers.FishingOverhaul.Config.FishConfig">
            <summary>
            Configuration for fish.
            </summary>
            <inheritdoc cref="T:TehPers.FishingOverhaul.Config.IModConfig"/>
        </member>
        <member name="P:TehPers.FishingOverhaul.Config.FishConfig.ShowFishInMinigame">
            <summary>
            Whether to show the fish being caught in the fishing minigame.
            </summary>
        </member>
        <member name="P:TehPers.FishingOverhaul.Config.FishConfig.GlobalDartFrequencyFactor">
            <summary>
            Modifier for the dart frequency (difficulty) of all fish.
            </summary>
        </member>
        <member name="P:TehPers.FishingOverhaul.Config.FishConfig.CatchSpeed">
            <summary>
            Affects how fast you catch fish.
            </summary>
        </member>
        <member name="P:TehPers.FishingOverhaul.Config.FishConfig.DrainSpeed">
            <summary>
            Affects how fast the catch bar drains when the bobber isn't on the fish.
            </summary>
        </member>
        <member name="P:TehPers.FishingOverhaul.Config.FishConfig.StreakForIncreasedQuality">
            <summary>
            Required streak for an increase in quality. For example, 3 means that every 3
            consecutive perfect catches increases your catch quality by 1. A value of 0 or less
            disables any quality increase from your perfect fishing streak. (You still get a
            quality increase for perfectly catching a fish though.)
            </summary>
        </member>
        <member name="P:TehPers.FishingOverhaul.Config.FishConfig.MaxFishQuality">
            <summary>
            The max quality fish that can be caught. 0 = normal, 1 = silver, 2 = gold, 3 = iridium,
            4+ = beyond iridium.
            </summary>
        </member>
        <member name="P:TehPers.FishingOverhaul.Config.FishConfig.MaxNormalFishQuality">
            <summary>
            Determines the max quality fish a non-perfect catch can get, or null for no
            restrictions.
            </summary>
        </member>
        <member name="P:TehPers.FishingOverhaul.Config.FishConfig.FishChances">
            <summary>
            The chance that you'll find a fish instead of trash.
            </summary>
        </member>
        <member name="M:TehPers.FishingOverhaul.Config.FishConfig.GetQualityIncrease(System.Int32)">
            <summary>
            Calculates the quality increase from a <see cref="T:StardewValley.Farmer"/>'s streak.
            </summary>
            <param name="streak">The streak.</param>
            <returns>The number of quality levels to increase the result by.</returns>
        </member>
        <member name="M:TehPers.FishingOverhaul.Config.FishConfig.ClampQuality(TehPers.FishingOverhaul.Api.CatchInfo.FishCatch)">
            <summary>
            Clamps the quality of a fish to allowed bounds. Also increases quality level 3 to
            quality level 4 (before clamping it).
            </summary>
            <param name="info">The catch info.</param>
            <returns>The clamped fish quality.</returns>
        </member>
        <member name="T:TehPers.FishingOverhaul.Config.FishingChances">
            <summary>
            Configuration for the chances of catching something while fishing.
            </summary>
            <inheritdoc cref="T:TehPers.FishingOverhaul.Config.IModConfig"/>
        </member>
        <member name="P:TehPers.FishingOverhaul.Config.FishingChances.BaseChance">
            <summary>
            The base chance. Total chance is calculated as
            locationFactor * (baseChance + sum(factor * thing it's a factor of)), bounded in the
            range [minChance, maxChance], then bounded once again in the range [0, 1].
            </summary>
        </member>
        <member name="P:TehPers.FishingOverhaul.Config.FishingChances.StreakFactor">
            <summary>
            The effect that streak has on this chance.
            </summary>
        </member>
        <member name="P:TehPers.FishingOverhaul.Config.FishingChances.FishingLevelFactor">
            <summary>
            The effect that fishing level has on this chance.
            </summary>
        </member>
        <member name="P:TehPers.FishingOverhaul.Config.FishingChances.DailyLuckFactor">
            <summary>
            The effect that daily luck has on this chance.
            </summary>
        </member>
        <member name="P:TehPers.FishingOverhaul.Config.FishingChances.LuckLevelFactor">
            <summary>
            The effect that luck level has on this chance.
            </summary>
        </member>
        <member name="P:TehPers.FishingOverhaul.Config.FishingChances.MinChance">
            <summary>
            The minimum possible chance.
            </summary>
        </member>
        <member name="P:TehPers.FishingOverhaul.Config.FishingChances.MaxChance">
            <summary>
            The maximum possible chance.
            </summary>
        </member>
        <member name="P:TehPers.FishingOverhaul.Config.FishingChances.LocationFactors">
            <summary>
            The effects that specific locations have on this chance. Keys are location names and
            values are their factors.
            </summary>
        </member>
        <member name="M:TehPers.FishingOverhaul.Config.FishingChances.GetUnclampedChance(StardewValley.Farmer,System.Int32)">
            <summary>
            Gets the unclamped chance for a <see cref="T:StardewValley.Farmer"/>.
            </summary>
            <param name="farmer">The farmer to calculate the chance for.</param>
            <param name="streak">The farmer's fishing streak.</param>
            <returns>The calculated chance for that farmer.</returns>
        </member>
        <member name="M:TehPers.FishingOverhaul.Config.FishingChances.ClampChance(System.Double)">
            <summary>
            Clamps the chance to an allowed value. This does not take any additional adjustments
            by other mods into account. For example, a mod may change the range of valid values
            for the chance.
            </summary>
            <param name="chance">The chance to clamp.</param>
            <returns>The clamped chance.</returns>
        </member>
        <member name="T:TehPers.FishingOverhaul.Config.HudConfig">
            <summary>
            Configuration for the fishing HUD.
            </summary>
            <inheritdoc cref="T:TehPers.FishingOverhaul.Config.IModConfig"/>
        </member>
        <member name="P:TehPers.FishingOverhaul.Config.HudConfig.ShowFishingHud">
            <summary>
            Whether or not to show current streak, chance for treasure, chance for each fish, etc.
            while fishing.
            </summary>
        </member>
        <member name="P:TehPers.FishingOverhaul.Config.HudConfig.TopLeftX">
            <summary>
            The X coordinate of the top left corner of the fishing HUD.
            </summary>
        </member>
        <member name="P:TehPers.FishingOverhaul.Config.HudConfig.TopLeftY">
            <summary>
            The Y coordinate of the top left corner of the fishing HUD.
            </summary>
        </member>
        <member name="P:TehPers.FishingOverhaul.Config.HudConfig.MaxFishTypes">
            <summary>
            The number of fish to show on the fishing HUD.
            </summary>
        </member>
        <member name="P:TehPers.FishingOverhaul.Config.HudConfig.ShowTrash">
            <summary>
            Whether to show trash in the fishing HUD.
            </summary>
        </member>
        <member name="T:TehPers.FishingOverhaul.Config.JsonConfigRoot">
            <summary>
            A configuration.
            </summary>
        </member>
        <member name="P:TehPers.FishingOverhaul.Config.JsonConfigRoot.Schema">
            <summary>
            Optional '$schema' URL. This is ignored and exists entirely for convenience.
            </summary>
        </member>
        <member name="T:TehPers.FishingOverhaul.Config.TreasureChances">
            <summary>
            Configuration for the chances of catching treasure while fishing.
            </summary>
            <inheritdoc cref="T:TehPers.FishingOverhaul.Config.FishingChances"/>
        </member>
        <member name="P:TehPers.FishingOverhaul.Config.TreasureChances.MagnetFactor">
            <summary>
            The effect that the magnet bait has.
            </summary>
        </member>
        <member name="P:TehPers.FishingOverhaul.Config.TreasureChances.TreasureHunterFactor">
            <summary>
            The effect that the treasure hunter tackle has.
            </summary>
        </member>
        <member name="P:TehPers.FishingOverhaul.Config.TreasureChances.PirateFactor">
            <summary>
            The effect that the pirate profession has. This is multiplied by your base chance
            before being added.
            </summary>
        </member>
        <member name="M:TehPers.FishingOverhaul.Config.TreasureChances.GetUnclampedChance(StardewValley.Farmer,System.Int32)">
            <inheritdoc />
        </member>
        <member name="T:TehPers.FishingOverhaul.Config.TreasureConfig">
            <summary>
            Configuration for treasure.
            </summary>
            <inheritdoc cref="T:TehPers.FishingOverhaul.Config.IModConfig"/>
        </member>
        <member name="P:TehPers.FishingOverhaul.Config.TreasureConfig.MaxTreasureQuantity">
            <summary>
            Maximum amount of treasure you can find in a single chest while fishing.
            </summary>
        </member>
        <member name="P:TehPers.FishingOverhaul.Config.TreasureConfig.AllowDuplicateLoot">
            <summary>
            Whether the treasure randomizer should be allowed to select the same loot option
            multiple times. Some loot can't be repeated even if duplicate loot is enabled.
            </summary>
        </member>
        <member name="P:TehPers.FishingOverhaul.Config.TreasureConfig.InvertChancesOnPerfectCatch">
            <summary>
            Whether to invert the chances of each treasure entry when you get a perfect catch and
            treasure chest at the same time. For example, when this is enabled, getting a perfect
            catch and treasure chest together would make an item that normally has a 1% chance of
            showing in a chest instead have a 99% chance of appearing.
            </summary>
        </member>
        <member name="P:TehPers.FishingOverhaul.Config.TreasureConfig.CatchSpeed">
            <summary>
            Affects how fast you catch treasure.
            </summary>
        </member>
        <member name="P:TehPers.FishingOverhaul.Config.TreasureConfig.DrainSpeed">
            <summary>
            Affects how fast the treasure bar drains when the bobber isn't on the chest.
            </summary>
        </member>
        <member name="P:TehPers.FishingOverhaul.Config.TreasureConfig.TreasureChances">
            <summary>
            The chances of finding treasure while fishing.
            </summary>
        </member>
        <member name="P:TehPers.FishingOverhaul.Config.TreasureConfig.AdditionalLootChances">
            <summary>
            The chances of getting additional loot when finding treasure. This is rolled until it
            fails or the max number of items have been added to the loot.
            </summary>
        </member>
        <member name="T:TehPers.FishingOverhaul.Effects.EffectEntryJsonConverter">
            <summary>
            Converts <see cref="T:TehPers.FishingOverhaul.Api.Content.FishingEffectEntry"/> subclasses.
            </summary>
        </member>
        <member name="M:TehPers.FishingOverhaul.Effects.EffectEntryJsonConverter.WriteJson(Newtonsoft.Json.JsonWriter,System.Object,Newtonsoft.Json.JsonSerializer)">
            <inheritdoc />
        </member>
        <member name="M:TehPers.FishingOverhaul.Effects.EffectEntryJsonConverter.ReadJson(Newtonsoft.Json.JsonReader,System.Type,System.Object,Newtonsoft.Json.JsonSerializer)">
            <inheritdoc />
        </member>
        <member name="M:TehPers.FishingOverhaul.Effects.EffectEntryJsonConverter.CanConvert(System.Type)">
            <inheritdoc />
        </member>
        <member name="T:TehPers.FishingOverhaul.Effects.ModifyChanceEffectEntry">
            <summary>
            Modifies the chance of catching a fish when fishing.
            </summary>
            <param name="Type">The type of chance to modify.</param>
            <param name="Expression">An expression representing the operation. <c>x</c> represents the chance.</param>
        </member>
        <member name="M:TehPers.FishingOverhaul.Effects.ModifyChanceEffectEntry.#ctor(TehPers.FishingOverhaul.Effects.ModifyChanceType,System.String)">
            <summary>
            Modifies the chance of catching a fish when fishing.
            </summary>
            <param name="Type">The type of chance to modify.</param>
            <param name="Expression">An expression representing the operation. <c>x</c> represents the chance.</param>
        </member>
        <member name="P:TehPers.FishingOverhaul.Effects.ModifyChanceEffectEntry.Type">
            <summary>The type of chance to modify.</summary>
        </member>
        <member name="P:TehPers.FishingOverhaul.Effects.ModifyChanceEffectEntry.Expression">
            <summary>An expression representing the operation. <c>x</c> represents the chance.</summary>
        </member>
        <member name="T:TehPers.FishingOverhaul.Effects.ModifyChanceType">
            <summary>
            The type of chance to modify.
            </summary>
        </member>
        <member name="F:TehPers.FishingOverhaul.Effects.ModifyChanceType.Fish">
            <summary>
            Chance of finding a fish.
            </summary>
        </member>
        <member name="F:TehPers.FishingOverhaul.Effects.ModifyChanceType.MinFish">
            <summary>
            Minimum chance of finding a fish.
            </summary>
        </member>
        <member name="F:TehPers.FishingOverhaul.Effects.ModifyChanceType.MaxFish">
            <summary>
            Maximum chance of finding a fish.
            </summary>
        </member>
        <member name="F:TehPers.FishingOverhaul.Effects.ModifyChanceType.Treasure">
            <summary>
            Chance of finding a treasure chest.
            </summary>
        </member>
        <member name="F:TehPers.FishingOverhaul.Effects.ModifyChanceType.MinTreasure">
            <summary>
            Minimum chance of finding a treasure chest.
            </summary>
        </member>
        <member name="F:TehPers.FishingOverhaul.Effects.ModifyChanceType.MaxTreasure">
            <summary>
            Maximum chance of finding a treasure chest.
            </summary>
        </member>
        <member name="M:TehPers.FishingOverhaul.Extensions.DrawingExtensions.DrawStringWithShadow(Microsoft.Xna.Framework.Graphics.SpriteBatch,Microsoft.Xna.Framework.Graphics.SpriteFont,System.String,Microsoft.Xna.Framework.Vector2,Microsoft.Xna.Framework.Color,System.Single,System.Single)">
            <summary>Draws a string with a shadow behind it.</summary>
            <param name="batch">The batch to draw with.</param>
            <param name="font">The font the text should use.</param>
            <param name="text">The string to draw.</param>
            <param name="position">The position of the string.</param>
            <param name="color">The color of the string. The shadow is black.</param>
            <param name="depth">The depth of the string.</param>
            <param name="shadowDepth">The depth of the shadow.</param>
        </member>
        <member name="M:TehPers.FishingOverhaul.Extensions.DrawingExtensions.DrawStringWithShadow(Microsoft.Xna.Framework.Graphics.SpriteBatch,Microsoft.Xna.Framework.Graphics.SpriteFont,System.String,Microsoft.Xna.Framework.Vector2,Microsoft.Xna.Framework.Color,Microsoft.Xna.Framework.Color,Microsoft.Xna.Framework.Vector2,System.Single,System.Single)">
            <summary>Draws a string with a shadow behind it.</summary>
            <param name="batch">The batch to draw with.</param>
            <param name="font">The font the text should use.</param>
            <param name="text">The string to draw.</param>
            <param name="position">The position of the string.</param>
            <param name="color">The color of the string. The shadow is black.</param>
            <param name="shadowColor">The color of the shadow.</param>
            <param name="scale">The amount to scale the size of the string by.</param>
            <param name="depth">The depth of the string.</param>
            <param name="shadowDepth">The depth of the shadow.</param>
        </member>
        <member name="E:TehPers.FishingOverhaul.Gui.CustomBobberBar.CatchFish">
            <summary>
            Invoked whenever a fish is caught.
            </summary>
        </member>
        <member name="E:TehPers.FishingOverhaul.Gui.CustomBobberBar.StateChanged">
            <summary>
            Invoked whenever a perfect streak is lost.
            </summary>
        </member>
        <member name="E:TehPers.FishingOverhaul.Gui.CustomBobberBar.LostFish">
            <summary>
            Invoked whenever the fish is not caught.
            </summary>
        </member>
        <member name="T:TehPers.FishingOverhaul.Integrations.Emp.IEmpApi">
            <summary>
            EMP's SMAPI API interface. Allows direct interaction with other SMAPI mods, e.g. access to EMP feature data.
            </summary>
            <remarks>Copy this interface into your mod and reference it to get EMP's API from SMAPI: Helper.ModRegistry.GetApi&lt;IEmpApi&gt;("Esca.EMP");</remarks>
        </member>
        <member name="M:TehPers.FishingOverhaul.Integrations.Emp.IEmpApi.GetFishLocationsData(StardewValley.GameLocation,Microsoft.Xna.Framework.Vector2,System.String@,System.Nullable{System.Int32}@,System.Nullable{System.Boolean}@)">
            <summary>
            Gets overridden fish location settings for the provided location and tile, if any.
            </summary>
            <param name="location">The in-game location to check.</param>
            <param name="tile">The tile to check, e.g. the position of a fishing bobber or a player.</param>
            <param name="useLocationName">The name of the location to use instead of the provided location (e.g. the key to use in the Data/Locations asset). Null if the original location should be used.</param>
            <param name="useZone">The fishing zone to use. Null if the original zone should be used. "Zone" refers to the result of <see cref="M:StardewValley.GameLocation.getFishingLocation(Microsoft.Xna.Framework.Vector2)"/>.</param>
            <param name="useOceanCrabPots">True if this tile should use ocean results for crab pots; false if it should use freshwater results. Null if the original results should be used.</param>
        </member>
        <member name="T:TehPers.FishingOverhaul.Integrations.GenericModConfigMenu.IGenericModConfigMenuApi">
            <summary>The API which lets other mods add a config UI through Generic Mod Config Menu.</summary>
        </member>
        <member name="M:TehPers.FishingOverhaul.Integrations.GenericModConfigMenu.IGenericModConfigMenuApi.Register(StardewModdingAPI.IManifest,System.Action,System.Action,System.Boolean)">
            <summary>Register a mod whose config can be edited through the UI.</summary>
            <param name="mod">The mod's manifest.</param>
            <param name="reset">Reset the mod's config to its default values.</param>
            <param name="save">Save the mod's current config to the <c>config.json</c> file.</param>
            <param name="titleScreenOnly">Whether the options can only be edited from the title screen.</param>
            <remarks>Each mod can only be registered once, unless it's deleted via <see cref="M:TehPers.FishingOverhaul.Integrations.GenericModConfigMenu.IGenericModConfigMenuApi.Unregister(StardewModdingAPI.IManifest)"/> before calling this again.</remarks>
        </member>
        <member name="M:TehPers.FishingOverhaul.Integrations.GenericModConfigMenu.IGenericModConfigMenuApi.AddSectionTitle(StardewModdingAPI.IManifest,System.Func{System.String},System.Func{System.String})">
            <summary>Add a section title at the current position in the form.</summary>
            <param name="mod">The mod's manifest.</param>
            <param name="text">The title text shown in the form.</param>
            <param name="tooltip">The tooltip text shown when the cursor hovers on the title, or <c>null</c> to disable the tooltip.</param>
        </member>
        <member name="M:TehPers.FishingOverhaul.Integrations.GenericModConfigMenu.IGenericModConfigMenuApi.AddParagraph(StardewModdingAPI.IManifest,System.Func{System.String})">
            <summary>Add a paragraph of text at the current position in the form.</summary>
            <param name="mod">The mod's manifest.</param>
            <param name="text">The paragraph text to display.</param>
        </member>
        <member name="M:TehPers.FishingOverhaul.Integrations.GenericModConfigMenu.IGenericModConfigMenuApi.AddImage(StardewModdingAPI.IManifest,System.Func{Microsoft.Xna.Framework.Graphics.Texture2D},System.Nullable{Microsoft.Xna.Framework.Rectangle},System.Int32)">
            <summary>Add an image at the current position in the form.</summary>
            <param name="mod">The mod's manifest.</param>
            <param name="texture">The image texture to display.</param>
            <param name="texturePixelArea">The pixel area within the texture to display, or <c>null</c> to show the entire image.</param>
            <param name="scale">The zoom factor to apply to the image.</param>
        </member>
        <member name="M:TehPers.FishingOverhaul.Integrations.GenericModConfigMenu.IGenericModConfigMenuApi.AddBoolOption(StardewModdingAPI.IManifest,System.Func{System.Boolean},System.Action{System.Boolean},System.Func{System.String},System.Func{System.String},System.String)">
            <summary>Add a boolean option at the current position in the form.</summary>
            <param name="mod">The mod's manifest.</param>
            <param name="getValue">Get the current value from the mod config.</param>
            <param name="setValue">Set a new value in the mod config.</param>
            <param name="name">The label text to show in the form.</param>
            <param name="tooltip">The tooltip text shown when the cursor hovers on the field, or <c>null</c> to disable the tooltip.</param>
            <param name="fieldId">The unique field ID for use with <see cref="M:TehPers.FishingOverhaul.Integrations.GenericModConfigMenu.IGenericModConfigMenuApi.OnFieldChanged(StardewModdingAPI.IManifest,System.Action{System.String,System.Object})"/>, or <c>null</c> to auto-generate a randomized ID.</param>
        </member>
        <member name="M:TehPers.FishingOverhaul.Integrations.GenericModConfigMenu.IGenericModConfigMenuApi.AddNumberOption(StardewModdingAPI.IManifest,System.Func{System.Int32},System.Action{System.Int32},System.Func{System.String},System.Func{System.String},System.Nullable{System.Int32},System.Nullable{System.Int32},System.Nullable{System.Int32},System.String)">
            <summary>Add an integer option at the current position in the form.</summary>
            <param name="mod">The mod's manifest.</param>
            <param name="getValue">Get the current value from the mod config.</param>
            <param name="setValue">Set a new value in the mod config.</param>
            <param name="name">The label text to show in the form.</param>
            <param name="tooltip">The tooltip text shown when the cursor hovers on the field, or <c>null</c> to disable the tooltip.</param>
            <param name="min">The minimum allowed value, or <c>null</c> to allow any.</param>
            <param name="max">The maximum allowed value, or <c>null</c> to allow any.</param>
            <param name="interval">The interval of values that can be selected.</param>
            <param name="fieldId">The unique field ID for use with <see cref="M:TehPers.FishingOverhaul.Integrations.GenericModConfigMenu.IGenericModConfigMenuApi.OnFieldChanged(StardewModdingAPI.IManifest,System.Action{System.String,System.Object})"/>, or <c>null</c> to auto-generate a randomized ID.</param>
        </member>
        <member name="M:TehPers.FishingOverhaul.Integrations.GenericModConfigMenu.IGenericModConfigMenuApi.AddNumberOption(StardewModdingAPI.IManifest,System.Func{System.Single},System.Action{System.Single},System.Func{System.String},System.Func{System.String},System.Nullable{System.Single},System.Nullable{System.Single},System.Nullable{System.Single},System.String)">
            <summary>Add a float option at the current position in the form.</summary>
            <param name="mod">The mod's manifest.</param>
            <param name="getValue">Get the current value from the mod config.</param>
            <param name="setValue">Set a new value in the mod config.</param>
            <param name="name">The label text to show in the form.</param>
            <param name="tooltip">The tooltip text shown when the cursor hovers on the field, or <c>null</c> to disable the tooltip.</param>
            <param name="min">The minimum allowed value, or <c>null</c> to allow any.</param>
            <param name="max">The maximum allowed value, or <c>null</c> to allow any.</param>
            <param name="interval">The interval of values that can be selected.</param>
            <param name="fieldId">The unique field ID for use with <see cref="M:TehPers.FishingOverhaul.Integrations.GenericModConfigMenu.IGenericModConfigMenuApi.OnFieldChanged(StardewModdingAPI.IManifest,System.Action{System.String,System.Object})"/>, or <c>null</c> to auto-generate a randomized ID.</param>
        </member>
        <member name="M:TehPers.FishingOverhaul.Integrations.GenericModConfigMenu.IGenericModConfigMenuApi.AddTextOption(StardewModdingAPI.IManifest,System.Func{System.String},System.Action{System.String},System.Func{System.String},System.Func{System.String},System.String[],System.Func{System.String,System.String},System.String)">
            <summary>Add a string option at the current position in the form.</summary>
            <param name="mod">The mod's manifest.</param>
            <param name="getValue">Get the current value from the mod config.</param>
            <param name="setValue">Set a new value in the mod config.</param>
            <param name="name">The label text to show in the form.</param>
            <param name="tooltip">The tooltip text shown when the cursor hovers on the field, or <c>null</c> to disable the tooltip.</param>
            <param name="allowedValues">The values that can be selected, or <c>null</c> to allow any.</param>
            <param name="formatAllowedValue">Get the display text to show for a value from <paramref name="allowedValues"/>, or <c>null</c> to show the values as-is.</param>
            <param name="fieldId">The unique field ID for use with <see cref="M:TehPers.FishingOverhaul.Integrations.GenericModConfigMenu.IGenericModConfigMenuApi.OnFieldChanged(StardewModdingAPI.IManifest,System.Action{System.String,System.Object})"/>, or <c>null</c> to auto-generate a randomized ID.</param>
        </member>
        <member name="M:TehPers.FishingOverhaul.Integrations.GenericModConfigMenu.IGenericModConfigMenuApi.AddKeybind(StardewModdingAPI.IManifest,System.Func{StardewModdingAPI.SButton},System.Action{StardewModdingAPI.SButton},System.Func{System.String},System.Func{System.String},System.String)">
            <summary>Add a key binding at the current position in the form.</summary>
            <param name="mod">The mod's manifest.</param>
            <param name="getValue">Get the current value from the mod config.</param>
            <param name="setValue">Set a new value in the mod config.</param>
            <param name="name">The label text to show in the form.</param>
            <param name="tooltip">The tooltip text shown when the cursor hovers on the field, or <c>null</c> to disable the tooltip.</param>
            <param name="fieldId">The unique field ID for use with <see cref="M:TehPers.FishingOverhaul.Integrations.GenericModConfigMenu.IGenericModConfigMenuApi.OnFieldChanged(StardewModdingAPI.IManifest,System.Action{System.String,System.Object})"/>, or <c>null</c> to auto-generate a randomized ID.</param>
        </member>
        <member name="M:TehPers.FishingOverhaul.Integrations.GenericModConfigMenu.IGenericModConfigMenuApi.AddKeybindList(StardewModdingAPI.IManifest,System.Func{StardewModdingAPI.Utilities.KeybindList},System.Action{StardewModdingAPI.Utilities.KeybindList},System.Func{System.String},System.Func{System.String},System.String)">
            <summary>Add a key binding list at the current position in the form.</summary>
            <param name="mod">The mod's manifest.</param>
            <param name="getValue">Get the current value from the mod config.</param>
            <param name="setValue">Set a new value in the mod config.</param>
            <param name="name">The label text to show in the form.</param>
            <param name="tooltip">The tooltip text shown when the cursor hovers on the field, or <c>null</c> to disable the tooltip.</param>
            <param name="fieldId">The unique field ID for use with <see cref="M:TehPers.FishingOverhaul.Integrations.GenericModConfigMenu.IGenericModConfigMenuApi.OnFieldChanged(StardewModdingAPI.IManifest,System.Action{System.String,System.Object})"/>, or <c>null</c> to auto-generate a randomized ID.</param>
        </member>
        <member name="M:TehPers.FishingOverhaul.Integrations.GenericModConfigMenu.IGenericModConfigMenuApi.AddPage(StardewModdingAPI.IManifest,System.String,System.Func{System.String})">
            <summary>Start a new page in the mod's config UI, or switch to that page if it already exists. All options registered after this will be part of that page.</summary>
            <param name="mod">The mod's manifest.</param>
            <param name="pageId">The unique page ID.</param>
            <param name="pageTitle">The page title shown in its UI, or <c>null</c> to show the <paramref name="pageId"/> value.</param>
            <remarks>You must also call <see cref="M:TehPers.FishingOverhaul.Integrations.GenericModConfigMenu.IGenericModConfigMenuApi.AddPageLink(StardewModdingAPI.IManifest,System.String,System.Func{System.String},System.Func{System.String})"/> to make the page accessible. This is only needed to set up a multi-page config UI. If you don't call this method, all options will be part of the mod's main config UI instead.</remarks>
        </member>
        <member name="M:TehPers.FishingOverhaul.Integrations.GenericModConfigMenu.IGenericModConfigMenuApi.AddPageLink(StardewModdingAPI.IManifest,System.String,System.Func{System.String},System.Func{System.String})">
            <summary>Add a link to a page added via <see cref="M:TehPers.FishingOverhaul.Integrations.GenericModConfigMenu.IGenericModConfigMenuApi.AddPage(StardewModdingAPI.IManifest,System.String,System.Func{System.String})"/> at the current position in the form.</summary>
            <param name="mod">The mod's manifest.</param>
            <param name="pageId">The unique ID of the page to open when the link is clicked.</param>
            <param name="text">The link text shown in the form.</param>
            <param name="tooltip">The tooltip text shown when the cursor hovers on the link, or <c>null</c> to disable the tooltip.</param>
        </member>
        <member name="M:TehPers.FishingOverhaul.Integrations.GenericModConfigMenu.IGenericModConfigMenuApi.AddComplexOption(StardewModdingAPI.IManifest,System.Func{System.String},System.Func{System.String},System.Action{Microsoft.Xna.Framework.Graphics.SpriteBatch,Microsoft.Xna.Framework.Vector2},System.Action,System.Func{System.Int32},System.String)">
            <summary>Add an option at the current position in the form using custom rendering logic.</summary>
            <param name="mod">The mod's manifest.</param>
            <param name="name">The label text to show in the form.</param>
            <param name="tooltip">The tooltip text shown when the cursor hovers on the field, or <c>null</c> to disable the tooltip.</param>
            <param name="draw">Draw the option in the config UI. This is called with the sprite batch being rendered and the pixel position at which to start drawing.</param>
            <param name="saveChanges">Save the current value to the mod config.</param>
            <param name="height">The pixel height to allocate for the option in the form, or <c>null</c> for a standard input-sized option. This is called and cached each time the form is opened.</param>
            <param name="fieldId">The unique field ID for use with <see cref="M:TehPers.FishingOverhaul.Integrations.GenericModConfigMenu.IGenericModConfigMenuApi.OnFieldChanged(StardewModdingAPI.IManifest,System.Action{System.String,System.Object})"/>, or <c>null</c> to auto-generate a randomized ID.</param>
            <remarks>The custom logic represented by <paramref name="draw"/> and <paramref name="saveChanges"/> is responsible for managing its own state if needed. For example, you can store state in a static field or use closures to use a state variable.</remarks>
        </member>
        <member name="M:TehPers.FishingOverhaul.Integrations.GenericModConfigMenu.IGenericModConfigMenuApi.SetTitleScreenOnlyForNextOptions(StardewModdingAPI.IManifest,System.Boolean)">
            <summary>Set whether the options registered after this point can only be edited from the title screen.</summary>
            <param name="mod">The mod's manifest.</param>
            <param name="titleScreenOnly">Whether the options can only be edited from the title screen.</param>
            <remarks>This lets you have different values per-field. Most mods should just set it once in <see cref="M:TehPers.FishingOverhaul.Integrations.GenericModConfigMenu.IGenericModConfigMenuApi.Register(StardewModdingAPI.IManifest,System.Action,System.Action,System.Boolean)"/>.</remarks>
        </member>
        <member name="M:TehPers.FishingOverhaul.Integrations.GenericModConfigMenu.IGenericModConfigMenuApi.OnFieldChanged(StardewModdingAPI.IManifest,System.Action{System.String,System.Object})">
            <summary>Register a method to notify when any option registered by this mod is edited through the config UI.</summary>
            <param name="mod">The mod's manifest.</param>
            <param name="onChange">The method to call with the option's unique field ID and new value.</param>
            <remarks>Options use a randomized ID by default; you'll likely want to specify the <c>fieldId</c> argument when adding options if you use this.</remarks>
        </member>
        <member name="M:TehPers.FishingOverhaul.Integrations.GenericModConfigMenu.IGenericModConfigMenuApi.OpenModMenu(StardewModdingAPI.IManifest)">
            <summary>Open the config UI for a specific mod.</summary>
            <param name="mod">The mod's manifest.</param>
        </member>
        <member name="M:TehPers.FishingOverhaul.Integrations.GenericModConfigMenu.IGenericModConfigMenuApi.TryGetCurrentMenu(StardewModdingAPI.IManifest@,System.String@)">
            <summary>Get the currently-displayed mod config menu, if any.</summary>
            <param name="mod">The manifest of the mod whose config menu is being shown, or <c>null</c> if not applicable.</param>
            <param name="page">The page ID being shown for the current config menu, or <c>null</c> if not applicable. This may be <c>null</c> even if a mod config menu is shown (e.g. because the mod doesn't have pages).</param>
            <returns>Returns whether a mod config menu is being shown.</returns>
        </member>
        <member name="M:TehPers.FishingOverhaul.Integrations.GenericModConfigMenu.IGenericModConfigMenuApi.Unregister(StardewModdingAPI.IManifest)">
            <summary>Remove a mod from the config UI and delete all its options and pages.</summary>
            <param name="mod">The mod's manifest.</param>
        </member>
        <member name="T:TehPers.FishingOverhaul.Parsing.BinaryExpr">
            <summary>
            A binary operation.
            </summary>
            <param name="Operator">The operator to apply.</param>
            <param name="Left">The expression on the left side of the operator.</param>
            <param name="Right">The expression on the right side of the operator.</param>
        </member>
        <member name="M:TehPers.FishingOverhaul.Parsing.BinaryExpr.#ctor(TehPers.FishingOverhaul.Parsing.BinaryOperator,TehPers.FishingOverhaul.Parsing.Expr{System.Double},TehPers.FishingOverhaul.Parsing.Expr{System.Double})">
            <summary>
            A binary operation.
            </summary>
            <param name="Operator">The operator to apply.</param>
            <param name="Left">The expression on the left side of the operator.</param>
            <param name="Right">The expression on the right side of the operator.</param>
        </member>
        <member name="P:TehPers.FishingOverhaul.Parsing.BinaryExpr.Operator">
            <summary>The operator to apply.</summary>
        </member>
        <member name="P:TehPers.FishingOverhaul.Parsing.BinaryExpr.Left">
            <summary>The expression on the left side of the operator.</summary>
        </member>
        <member name="P:TehPers.FishingOverhaul.Parsing.BinaryExpr.Right">
            <summary>The expression on the right side of the operator.</summary>
        </member>
        <member name="T:TehPers.FishingOverhaul.Parsing.BinaryOperator">
            <summary>
            A binary operataor in an expression.
            </summary>
        </member>
        <member name="F:TehPers.FishingOverhaul.Parsing.BinaryOperator.Add">
            <summary>
            The add operator (<c>+</c>).
            </summary>
        </member>
        <member name="F:TehPers.FishingOverhaul.Parsing.BinaryOperator.Subtract">
            <summary>
            The subtraction operator (<c>-</c>).
            </summary>
        </member>
        <member name="F:TehPers.FishingOverhaul.Parsing.BinaryOperator.Multiply">
            <summary>
            The multiplication operator (<c>*</c>).
            </summary>
        </member>
        <member name="F:TehPers.FishingOverhaul.Parsing.BinaryOperator.Divide">
            <summary>
            The division operator (<c>/</c>).
            </summary>
        </member>
        <member name="F:TehPers.FishingOverhaul.Parsing.BinaryOperator.Modulo">
            <summary>
            The modulus operator (<c>%</c>).
            </summary>
        </member>
        <member name="F:TehPers.FishingOverhaul.Parsing.BinaryOperator.Power">
            <summary>
            The power operator (<c>^</c>).
            </summary>
        </member>
        <member name="T:TehPers.FishingOverhaul.Parsing.ConstantExpr`1">
            <summary>
            A numeric expression.
            </summary>
            <param name="Value">The value of this expression.</param>
        </member>
        <member name="M:TehPers.FishingOverhaul.Parsing.ConstantExpr`1.#ctor(`0)">
            <summary>
            A numeric expression.
            </summary>
            <param name="Value">The value of this expression.</param>
        </member>
        <member name="P:TehPers.FishingOverhaul.Parsing.ConstantExpr`1.Value">
            <summary>The value of this expression.</summary>
        </member>
        <member name="T:TehPers.FishingOverhaul.Parsing.Expr`1">
            <summary>
            A parsed expression.
            </summary>
        </member>
        <member name="M:TehPers.FishingOverhaul.Parsing.Expr`1.Optimized">
            <summary>
            this expression.
            </summary>
            <returns>The optimized expression.</returns>
        </member>
        <member name="M:TehPers.FishingOverhaul.Parsing.Expr`1.TryEvaluate(System.Collections.Generic.IDictionary{System.String,System.Double},System.Collections.Generic.HashSet{System.String},`0@)">
            <summary>
            Tries to evaluate this expression.
            </summary>
            <param name="variables">The values of variables within this expression.</param>
            <param name="missingVariables">The set of variables that had no value during evaluation.</param>
            <param name="result">The result of evaluating this expression.</param>
            <returns></returns>
        </member>
        <member name="M:TehPers.FishingOverhaul.Parsing.Expr`1.TryCompile(System.Collections.Generic.Dictionary{System.String,System.Linq.Expressions.ParameterExpression},System.Collections.Generic.HashSet{System.String},System.Linq.Expressions.Expression@)">
            <summary>
            Tries to compile this expression.
            </summary>
            <param name="variables">The parameters that represent the variables within this expression.</param>
            <param name="missingVariables">The set of variables that had no value during evaluation.</param>
            <param name="result">The result of evaluating this expression.</param>
            <returns></returns>
        </member>
        <member name="T:TehPers.FishingOverhaul.Parsing.UnaryOperator">
            <summary>
            A unary operator in an expression.
            </summary>
        </member>
        <member name="F:TehPers.FishingOverhaul.Parsing.UnaryOperator.Negate">
            <summary>
            The negation operator (<c>-</c>).
            </summary>
        </member>
        <member name="M:TehPers.FishingOverhaul.Services.ChanceCalculator.GetWeightedChance(TehPers.FishingOverhaul.Api.FishingInfo)">
            <summary>
            Calculates the chance of catching this entry.
            </summary>
            <param name="fishingInfo">The fishing info to calculate the chance for.</param>
            <returns>The chance of catching this entry, or <see langword="null"/> if the entry is not available.</returns>
        </member>
        <member name="M:TehPers.FishingOverhaul.Services.ConditionsCalculator.IsAvailable(TehPers.FishingOverhaul.Api.FishingInfo)">
            <summary>
            Calculates whether the entry is available.
            </summary>
            <param name="fishingInfo">The fishing info to calculate the availability for.</param>
            <returns>Whether the entry is available.</returns>
        </member>
        <member name="T:TehPers.FishingOverhaul.Services.FishingApi">
            <summary>
            Default API for working with fishing.
            </summary>
        </member>
        <member name="M:TehPers.FishingOverhaul.Services.FishingApi.CreateDefaultFishingInfo(StardewValley.Farmer)">
            <inheritdoc/>
        </member>
        <member name="M:TehPers.FishingOverhaul.Services.FishingApi.GetFishChances(TehPers.FishingOverhaul.Api.FishingInfo)">
            <inheritdoc/>
        </member>
        <member name="M:TehPers.FishingOverhaul.Services.FishingApi.TryGetFishTraits(TehPers.Core.Api.Items.NamespacedKey,TehPers.FishingOverhaul.Api.Content.FishTraits@)">
            <inheritdoc/>
        </member>
        <member name="M:TehPers.FishingOverhaul.Services.FishingApi.GetTrashChances(TehPers.FishingOverhaul.Api.FishingInfo)">
            <inheritdoc/>
        </member>
        <member name="M:TehPers.FishingOverhaul.Services.FishingApi.GetTreasureChances(TehPers.FishingOverhaul.Api.FishingInfo)">
            <inheritdoc/>
        </member>
        <member name="M:TehPers.FishingOverhaul.Services.FishingApi.GetChanceForFish(TehPers.FishingOverhaul.Api.FishingInfo)">
            <inheritdoc/>
        </member>
        <member name="M:TehPers.FishingOverhaul.Services.FishingApi.GetChanceForTreasure(TehPers.FishingOverhaul.Api.FishingInfo)">
            <inheritdoc/>
        </member>
        <member name="M:TehPers.FishingOverhaul.Services.FishingApi.ClampFishChance(TehPers.FishingOverhaul.Api.FishingInfo,System.Double)">
            <summary>
            Clamps the chance of finding a fish.
            </summary>
            <param name="fishingInfo">Information about the <see cref="T:StardewValley.Farmer"/> that is fishing.</param>
            <param name="chance">The unclamped chance.</param>
            <returns>The minimum and maximum chance of catching a fish.</returns>
        </member>
        <member name="M:TehPers.FishingOverhaul.Services.FishingApi.ClampTreasureChance(TehPers.FishingOverhaul.Api.FishingInfo,System.Double)">
            <summary>
            Clamps the chance of finding treasure while fishing.
            </summary>
            <param name="fishingInfo">Information about the <see cref="T:StardewValley.Farmer"/> that is fishing.</param>
            <param name="chance">The unclamped chance.</param>
            <returns>The minimum and maximum chance of finding a treasure chest.</returns>
        </member>
        <member name="M:TehPers.FishingOverhaul.Services.FishingApi.IsLegendary(TehPers.Core.Api.Items.NamespacedKey)">
            <inheritdoc/>
        </member>
        <member name="M:TehPers.FishingOverhaul.Services.FishingApi.GetStreak(StardewValley.Farmer)">
            <inheritdoc/>
        </member>
        <member name="M:TehPers.FishingOverhaul.Services.FishingApi.SetStreak(StardewValley.Farmer,System.Int32)">
            <inheritdoc/>
        </member>
        <member name="M:TehPers.FishingOverhaul.Services.FishingApi.GetPossibleCatch(TehPers.FishingOverhaul.Api.FishingInfo)">
            <inheritdoc/>
        </member>
        <member name="M:TehPers.FishingOverhaul.Services.FishingApi.GetPossibleTreasure(TehPers.FishingOverhaul.Api.CatchInfo.FishCatch)">
            <inheritdoc/>
        </member>
        <member name="M:TehPers.FishingOverhaul.Services.FishingApi.RequestReload">
            <inheritdoc/>
        </member>
    </members>
</doc>
