{
  "Format": "1.7",
  
  "ConfigSchema": {
    "BrownChicken": {"AllowValues": "BlueBlack, BlueBlonde, Blue, Purple, BlueBrown, BlueGrey, BluePurple, BlueWhite, BrahmaBlack, BrahmaBlonde, BrahmaBrown, BrahmaGrey, BrahmaWhite, SilkieBlack, SilkieBlonde, SilkieBrown, SilkieGrey, SilkieWhite, VoidBlack, VoidEyes, VoidPurple, VoidRed, Golden, BlueCream, BrahmaCream, SilkieCream, False",
	"Default": "SilkieBrown"},
	
    "WhiteChicken": {"AllowValues": "BlueBlack, BlueBlonde, Blue, Purple, BlueBrown, BlueGrey, BluePurple, BlueWhite, BrahmaBlack, BrahmaBlonde, BrahmaBrown, BrahmaGrey, BrahmaWhite, SilkieBlack, SilkieBlonde, SilkieBrown, SilkieGrey, SilkieWhite, VoidBlack, VoidEyes, VoidPurple, VoidRed, Golden, BlueCream, BrahmaCream, SilkieCream, False",
	"Default": "BrahmaWhite"},
	
	"BlueChicken": {"AllowValues": "BlueBlack, BlueBlonde, Blue, Purple, BlueBrown, BlueGrey, BluePurple, BlueWhite, BrahmaBlack, BrahmaBlonde, BrahmaBrown, BrahmaGrey, BrahmaWhite, SilkieBlack, SilkieBlonde, SilkieBrown, SilkieGrey, SilkieWhite, VoidBlack, VoidEyes, VoidPurple, VoidRed, Golden, BlueCream, BrahmaCream, SilkieCream, False",
	"Default": "Blue"},
	
	"VoidChicken": {"AllowValues": "BlueBlack, BlueBlonde, Blue, Purple, BlueBrown, BlueGrey, BluePurple, BlueWhite, BrahmaBlack, BrahmaBlonde, BrahmaBrown, BrahmaGrey, BrahmaWhite, SilkieBlack, SilkieBlonde, SilkieBrown, SilkieGrey, SilkieWhite, VoidBlack, VoidEyes, VoidPurple, VoidRed, Golden, BlueCream, BrahmaCream, SilkieCream, False",
	"Default": "VoidEyes"},
	
	"GoldenChicken": {"AllowValues": "BlueBlack, BlueBlonde, Blue, Purple, BlueBrown, BlueGrey, BluePurple, BlueWhite, BrahmaBlack, BrahmaBlonde, BrahmaBrown, BrahmaGrey, BrahmaWhite, SilkieBlack, SilkieBlonde, SilkieBrown, SilkieGrey, SilkieWhite, VoidBlack, VoidEyes, VoidPurple, VoidRed, Golden, BlueCream, BrahmaCream, SilkieCream, False",
	"Default": "Golden"},
	
	"Rabbit": {"AllowValues": "SolidBlack, SolidGrey, SolidWhite, SolidBlonde, SolidBrown, BeltedBlack, BeltedGrey, BeltedBlonde, BeltedBrown, PointedBlack, PointedGrey, PointedBlonde, PointedBrown, LopSolidBlack, LopSolidGrey, LopSolidWhite, LopSolidBlonde, LopSolidBrown, LopBeltedBlack, LopBeltedGrey, LopBeltedBlonde, LopBeltedBrown, LopPointedBlack, LopPointedGrey, LopPointedBlonde, LopPointedBrown, LopSolidCream, SolidCream, False",
	"Default": "SolidBlonde"},
	
	"Duck": {"AllowValues": "SolidBlack, SolidGrey, SolidWhite, SolidBlonde, SolidBrown, MallardFemale, MallardMale, SolidCream, False",
	"Default": "MallardFemale"},
	
	"Dinosaur": {"AllowValues": "Black, Grey, White, Green, Blue, Purple, Cream, False",
	"Default": "Green"},
	
	"ShopIcons": {"AllowValues": "True, False",
	"Default": "True"},
	
	"RabbitFoot": {"AllowValues": "True, False",
	"Default": "True"},
	
	"DuckFeather": {"AllowValues": "True, False",
	"Default": "True"},

	},
	
  "Changes": [
       // Brown Chicken
       {
          "Action": "EditImage",
          "Target": "Animals/Brown Chicken",
          "FromFile": "assets/Chicken/{{BrownChicken}}.png",
		  "When": {
		  "BrownChicken": "BlueBlack, BlueBlonde, Blue, Purple, BlueBrown, BlueGrey, BluePurple, BlueWhite, BrahmaBlack, BrahmaBlonde, BrahmaBrown, BrahmaGrey, BrahmaWhite, SilkieBlack, SilkieBlonde, SilkieBrown, SilkieGrey, SilkieWhite, VoidBlack, VoidEyes, VoidPurple, VoidRed, Golden, BlueCream, BrahmaCream, SilkieCream",
		  }
       },
	   
	    // BabyBrown Chicken
       {
          "Action": "EditImage",
          "Target": "Animals/BabyBrown Chicken",
          "FromFile": "assets/Chicken/{{BrownChicken}}Baby.png",
		  "When": {
		  "BrownChicken": "BlueBlack, BlueBlonde, Blue, Purple, BlueBrown, BlueGrey, BluePurple, BlueWhite, BrahmaBlack, BrahmaBlonde, BrahmaBrown, BrahmaGrey, BrahmaWhite, SilkieBlack, SilkieBlonde, SilkieBrown, SilkieGrey, SilkieWhite, VoidBlack, VoidEyes, VoidPurple, VoidRed, Golden, BlueCream, BrahmaCream, SilkieCream",
		  }
       },
	   
	   
	   // White Chicken
       {
          "Action": "EditImage",
          "Target": "Animals/White Chicken",
          "FromFile": "assets/Chicken/{{WhiteChicken}}.png",
		  "When": {
		  "WhiteChicken": "BlueBlack, BlueBlonde, Blue, Purple, BlueBrown, BlueGrey, BluePurple, BlueWhite, BrahmaBlack, BrahmaBlonde, BrahmaBrown, BrahmaGrey, BrahmaWhite, SilkieBlack, SilkieBlonde, SilkieBrown, SilkieGrey, SilkieWhite, VoidBlack, VoidEyes, VoidPurple, VoidRed, Golden, BlueCream, BrahmaCream, SilkieCream",
		  }
       },
	   
	    // BabyWhite Chicken
       {
          "Action": "EditImage",
          "Target": "Animals/BabyWhite Chicken",
          "FromFile": "assets/Chicken/{{WhiteChicken}}Baby.png",
		  "When": {
		  "WhiteChicken": "BlueBlack, BlueBlonde, Blue, Purple, BlueBrown, BlueGrey, BluePurple, BlueWhite, BrahmaBlack, BrahmaBlonde, BrahmaBrown, BrahmaGrey, BrahmaWhite, SilkieBlack, SilkieBlonde, SilkieBrown, SilkieGrey, SilkieWhite, VoidBlack, VoidEyes, VoidPurple, VoidRed, Golden, BlueCream, BrahmaCream, SilkieCream",
		  }
       },
	   
	   
	   // Blue Chicken
       {
          "Action": "EditImage",
          "Target": "Animals/Blue Chicken",
          "FromFile": "assets/Chicken/{{BlueChicken}}.png",
		  "When": {
		  "BlueChicken": "BlueBlack, BlueBlonde, Blue, Purple, BlueBrown, BlueGrey, BluePurple, BlueWhite, BrahmaBlack, BrahmaBlonde, BrahmaBrown, BrahmaGrey, BrahmaWhite, SilkieBlack, SilkieBlonde, SilkieBrown, SilkieGrey, SilkieWhite, VoidBlack, VoidEyes, VoidPurple, VoidRed, Golden, BlueCream, BrahmaCream, SilkieCream",
		  }
       },
	   
	    // BabyBlue Chicken
       {
          "Action": "EditImage",
          "Target": "Animals/BabyBlue Chicken",
          "FromFile": "assets/Chicken/{{BlueChicken}}Baby.png",
		  "When": {
		  "BlueChicken": "BlueBlack, BlueBlonde, Blue, Purple, BlueBrown, BlueGrey, BluePurple, BlueWhite, BrahmaBlack, BrahmaBlonde, BrahmaBrown, BrahmaGrey, BrahmaWhite, SilkieBlack, SilkieBlonde, SilkieBrown, SilkieGrey, SilkieWhite, VoidBlack, VoidEyes, VoidPurple, VoidRed, Golden, BlueCream, BrahmaCream, SilkieCream",
		  }
       },
	   
	   
	    // Void Chicken
       {
          "Action": "EditImage",
          "Target": "Animals/Void Chicken",
          "FromFile": "assets/Chicken/{{VoidChicken}}.png",
		  "When": {
		  "VoidChicken": "BlueBlack, BlueBlonde, Blue, Purple, BlueBrown, BlueGrey, BluePurple, BlueWhite, BrahmaBlack, BrahmaBlonde, BrahmaBrown, BrahmaGrey, BrahmaWhite, SilkieBlack, SilkieBlonde, SilkieBrown, SilkieGrey, SilkieWhite, VoidBlack, VoidEyes, VoidPurple, VoidRed, Golden, BlueCream, BrahmaCream, SilkieCream",
		  }
       },
	   
	   // BabyVoid Chicken
       {
          "Action": "EditImage",
          "Target": "Animals/BabyVoid Chicken",
          "FromFile": "assets/Chicken/{{VoidChicken}}Baby.png",
		  "When": {
		  "VoidChicken": "BlueBlack, BlueBlonde, Blue, Purple, BlueBrown, BlueGrey, BluePurple, BlueWhite, BrahmaBlack, BrahmaBlonde, BrahmaBrown, BrahmaGrey, BrahmaWhite, SilkieBlack, SilkieBlonde, SilkieBrown, SilkieGrey, SilkieWhite, VoidBlack, VoidEyes, VoidPurple, VoidRed, Golden, BlueCream, BrahmaCream, SilkieCream",
		  }
       },
	   
	   
	    // Golden Chicken
       {
          "Action": "EditImage",
          "Target": "Animals/Golden Chicken",
          "FromFile": "assets/Chicken/{{GoldenChicken}}.png",
		  "When": {
		  "GoldenChicken": "BlueBlack, BlueBlonde, Blue, Purple, BlueBrown, BlueGrey, BluePurple, BlueWhite, BrahmaBlack, BrahmaBlonde, BrahmaBrown, BrahmaGrey, BrahmaWhite, SilkieBlack, SilkieBlonde, SilkieBrown, SilkieGrey, SilkieWhite, VoidBlack, VoidEyes, VoidPurple, VoidRed, Golden, BlueCream, BrahmaCream, SilkieCream",
		  }
       },
	   
	   // BabyGolden Chicken
       {
          "Action": "EditImage",
          "Target": "Animals/BabyGolden Chicken",
          "FromFile": "assets/Chicken/{{GoldenChicken}}Baby.png",
		  "When": {
		  "GoldenChicken": "BlueBlack, BlueBlonde, Blue, Purple, BlueBrown, BlueGrey, BluePurple, BlueWhite, BrahmaBlack, BrahmaBlonde, BrahmaBrown, BrahmaGrey, BrahmaWhite, SilkieBlack, SilkieBlonde, SilkieBrown, SilkieGrey, SilkieWhite, VoidBlack, VoidEyes, VoidPurple, VoidRed, Golden, BlueCream, BrahmaCream, SilkieCream",
		  }
       },
	   
	   
	    // Duck
       {
          "Action": "EditImage",
          "Target": "Animals/Duck",
          "FromFile": "assets/Duck/{{Duck}}.png",
		  "When": {
		  "Duck": "SolidBlack, SolidGrey, SolidWhite, SolidBlonde, SolidBrown, MallardFemale, MallardMale, SolidCream",
		  }
       },
	   
	   
	   // Rabbit
       {
          "Action": "EditImage",
          "Target": "Animals/Rabbit",
          "FromFile": "assets/Rabbit/{{Rabbit}}.png",
		  "When": {
		  "Rabbit": "SolidBlack, SolidGrey, SolidWhite, SolidBlonde, SolidBrown, BeltedBlack, BeltedGrey, BeltedBlonde, BeltedBrown, PointedBlack, PointedGrey, PointedBlonde, PointedBrown, LopSolidBlack, LopSolidGrey, LopSolidWhite, LopSolidBlonde, LopSolidBrown, LopBeltedBlack, LopBeltedGrey, LopBeltedBlonde, LopBeltedBrown, LopPointedBlack, LopPointedGrey, LopPointedBlonde, LopPointedBrown, LopSolidCream, SolidCream",
		  }
       },
	   
	   // BabyRabbit
       {
          "Action": "EditImage",
          "Target": "Animals/BabyRabbit",
          "FromFile": "assets/Rabbit/{{Rabbit}}Baby.png",
		  "When": {
		  "Rabbit": "SolidBlack, SolidGrey, SolidWhite, SolidBlonde, SolidBrown, BeltedBlack, BeltedGrey, BeltedBlonde, BeltedBrown, PointedBlack, PointedGrey, PointedBlonde, PointedBrown, LopSolidBlack, LopSolidGrey, LopSolidWhite, LopSolidBlonde, LopSolidBrown, LopBeltedBlack, LopBeltedGrey, LopBeltedBlonde, LopBeltedBrown, LopPointedBlack, LopPointedGrey, LopPointedBlonde, LopPointedBrown, LopSolidCream, SolidCream",
		  }
       },
	   
	   
	    // Dinosaur
       {
          "Action": "EditImage",
          "Target": "Animals/Dinosaur",
          "FromFile": "assets/Dinosaur/{{Dinosaur}}.png",
		  "When": {
		  "Dinosaur": "Black, Grey, White, Green, Blue, Purple, Cream",
		  }
       },
	   
	   
	   // Shop Icons
       {
          "Action": "EditImage",
          "Target": "LooseSprites/Cursors",
          "FromFile": "assets/ShopIcons.png",
          "FromArea": { "X": 0, "Y": 0, "Width": 32, "Height": 32 }, 
          "ToArea": { "X": 0, "Y": 448, "Width": 32, "Height": 32 },
          "Patchmode": "Replace",
		  "When": {
		  "ShopIcons": "True",
		  }
       },
       {
          "Action": "EditImage",
          "Target": "LooseSprites/Cursors",
          "FromFile": "assets/ShopIcons.png",
          "FromArea": { "X": 64, "Y": 16, "Width": 32, "Height": 16 }, 
          "ToArea": { "X": 64, "Y": 464, "Width": 32, "Height": 16 },
          "Patchmode": "Replace",
		  "When": {
		  "ShopIcons": "True",
		  }
       },
	   
	   //Items
       {
          "Action": "EditImage",
          "Target": "Maps/springobjects",
          "FromFile": "assets/Foot_Black.png",
          "FromArea": { "X": 0, "Y": 0, "Width": 16, "Height": 16 }, 
          "ToArea": { "X": 224, "Y": 288, "Width": 16, "Height": 16 },
          "Patchmode": "Replace",
		  "When": {
		  "RabbitFoot": "True",
		  "Rabbit": "SolidBlack, BeltedBlack, PointedBlack, LopSolidBlack, LopBeltedBlack, LopPointedBlack",
		  }
       },
       {
          "Action": "EditImage",
          "Target": "Maps/springobjects",
          "FromFile": "assets/Foot_Grey.png",
          "FromArea": { "X": 0, "Y": 0, "Width": 16, "Height": 16 }, 
          "ToArea": { "X": 224, "Y": 288, "Width": 16, "Height": 16 },
          "Patchmode": "Replace",
		  "When": {
		  "RabbitFoot": "True",
		  "Rabbit": "SolidGrey, BeltedGrey, PointedGrey, LopSolidGrey, LopBeltedGrey, LopPointedGrey",
		  }
       },
       {
          "Action": "EditImage",
          "Target": "Maps/springobjects",
          "FromFile": "assets/Foot_White.png",
          "FromArea": { "X": 0, "Y": 0, "Width": 16, "Height": 16 }, 
          "ToArea": { "X": 224, "Y": 288, "Width": 16, "Height": 16 },
          "Patchmode": "Replace",
		  "When": {
		  "RabbitFoot": "True",
		  "Rabbit": "SolidWhite, LopSolidWhite",
		  }
       },
       {
          "Action": "EditImage",
          "Target": "Maps/springobjects",
          "FromFile": "assets/Foot_Cream.png",
          "FromArea": { "X": 0, "Y": 0, "Width": 16, "Height": 16 }, 
          "ToArea": { "X": 224, "Y": 288, "Width": 16, "Height": 16 },
          "Patchmode": "Replace",
		  "When": {
		  "RabbitFoot": "True",
		  "Rabbit": "LopSolidCream, SolidCream",
		  }
       },
       {
          "Action": "EditImage",
          "Target": "Maps/springobjects",
          "FromFile": "assets/Foot_Blonde.png",
          "FromArea": { "X": 0, "Y": 0, "Width": 16, "Height": 16 }, 
          "ToArea": { "X": 224, "Y": 288, "Width": 16, "Height": 16 },
          "Patchmode": "Replace",
		  "When": {
		  "RabbitFoot": "True",
		  "Rabbit": "SolidBlonde, BeltedBlonde, PointedBlonde, LopSolidBlonde, LopBeltedBlonde, LopPointedBlonde",
		  }
       },
       {
          "Action": "EditImage",
          "Target": "Maps/springobjects",
          "FromFile": "assets/Foot_Brown.png",
          "FromArea": { "X": 0, "Y": 0, "Width": 16, "Height": 16 }, 
          "ToArea": { "X": 224, "Y": 288, "Width": 16, "Height": 16 },
          "Patchmode": "Replace",
		  "When": {
		  "RabbitFoot": "True",
		  "Rabbit": "SolidBrown, BeltedBrown, PointedBrown, LopSolidBrown, LopBeltedBrown, LopPointedBrown",
		  }
       },
	   
	   
       {
          "Action": "EditImage",
          "Target": "Maps/springobjects",
          "FromFile": "assets/Feather_Black.png",
          "FromArea": { "X": 0, "Y": 0, "Width": 16, "Height": 16 }, 
          "ToArea": { "X": 192, "Y": 288, "Width": 16, "Height": 16 },
          "Patchmode": "Replace",
		  "When": {
		  "DuckFeather": "True",
		  "Duck": "SolidBlack",
		  }
       },
	   
	   
       {
          "Action": "EditImage",
          "Target": "Maps/springobjects",
          "FromFile": "assets/Feather_Grey.png",
          "FromArea": { "X": 0, "Y": 0, "Width": 16, "Height": 16 }, 
          "ToArea": { "X": 192, "Y": 288, "Width": 16, "Height": 16 },
          "Patchmode": "Replace",
		  "When": {
		  "DuckFeather": "True",
		  "Duck": "SolidGrey",
		  }
       },
	   
	   
       {
          "Action": "EditImage",
          "Target": "Maps/springobjects",
          "FromFile": "assets/Feather_White.png",
          "FromArea": { "X": 0, "Y": 0, "Width": 16, "Height": 16 }, 
          "ToArea": { "X": 192, "Y": 288, "Width": 16, "Height": 16 },
          "Patchmode": "Replace",
		  "When": {
		  "DuckFeather": "True",
		  "Duck": "SolidWhite",
		  }
       },
	   
	   
       {
          "Action": "EditImage",
          "Target": "Maps/springobjects",
          "FromFile": "assets/Feather_Cream.png",
          "FromArea": { "X": 0, "Y": 0, "Width": 16, "Height": 16 }, 
          "ToArea": { "X": 192, "Y": 288, "Width": 16, "Height": 16 },
          "Patchmode": "Replace",
		  "When": {
		  "DuckFeather": "True",
		  "Duck": "SolidCream",
		  }
       },
	   
	   
       {
          "Action": "EditImage",
          "Target": "Maps/springobjects",
          "FromFile": "assets/Feather_Blonde.png",
          "FromArea": { "X": 0, "Y": 0, "Width": 16, "Height": 16 }, 
          "ToArea": { "X": 192, "Y": 288, "Width": 16, "Height": 16 },
          "Patchmode": "Replace",
		  "When": {
		  "DuckFeather": "True",
		  "Duck": "SolidBlonde",
		  }
       },
	   
	   
       {
          "Action": "EditImage",
          "Target": "Maps/springobjects",
          "FromFile": "assets/Feather_Brown.png",
          "FromArea": { "X": 0, "Y": 0, "Width": 16, "Height": 16 }, 
          "ToArea": { "X": 192, "Y": 288, "Width": 16, "Height": 16 },
          "Patchmode": "Replace",
		  "When": {
		  "DuckFeather": "True",
		  "Duck": "SolidBrown",
		  }
       },
	   
	   
       {
          "Action": "EditImage",
          "Target": "Maps/springobjects",
          "FromFile": "assets/Feather_Mallard.png",
          "FromArea": { "X": 0, "Y": 0, "Width": 16, "Height": 16 }, 
          "ToArea": { "X": 192, "Y": 288, "Width": 16, "Height": 16 },
          "Patchmode": "Replace",
		  "When": {
		  "DuckFeather": "True",
		  "Duck": "MallardFemale, MallardMale",
		  }
       },
		 
    ]
}