{
  "Format": "1.3",
  "Changes": [    
    {
      "Action": "EditImage",
      "Target": "LooseSprites/map",
      "FromFile": "assets/map.png"
    },
    {
      "Action": "Load",
      "Target": "Maps/Farm",
      "FromFile": "assets/Farm.tbin"
    },
    {
      "Action": "Load",
      "Target": "Maps/Woods",
      "FromFile": "assets/Woods.tbin"
    },
    {
      "Action": "EditData",
      "Target": "Strings/StringsFromMaps",
      "Entries": {
        "FarmMod.1": "Secret Woods"
      }
    }
  ]
}