{
  "DebugMode": false,
  "MenuKey": "Tab",
  "TooltipKey": "Space",
  "NameTooltipMode": 1,
  "OnlySameLocation": false,
  "ShowHiddenVillagers": false,
  "ShowQuests": true,
  "ShowTravelingMerchant": true,
  "ShowMinimap": false,
  "LockMinimapPosition": false,
  "ShowFarmBuildings": true,
  "MinimapToggleKey": "OemPipe",
  "MinimapX": 12,
  "MinimapY": 12,
  "MinimapWidth": 75,
  "MinimapHeight": 45,
  "MinimapExclusions": [],
  "UseSeasonalMaps": true,
  "UseDetailedIsland": false,
  "ShowChildren": false,
  "ShowHorse": true,
  "NpcExclusions": [],
  "NpcMarkerOffsets": {
    "Abigail": 3,
    "Alex": 0,
    "Birdie": 6,
    "Caroline": 2,
    "Clint": -1,
    "Demetrius": -2,
    "Dwarf": 1,
    "Elliott": -1,
    "Emily": 1,
    "Evelyn": 4,
    "George": 4,
    "Gus": 2,
    "Gunther": 3,
    "Haley": 2,
    "Harvey": -1,
    "Jas": 7,
    "Jodi": 3,
    "Kent": -1,
    "Krobus": 0,
    "Leah": 2,
    "Leo": 6,
    "Lewis": 1,
    "Linus": 6,
    "Marlon": 2,
    "Marnie": 4,
    "Maru": 2,
    "Pam": 5,
    "Penny": 3,
    "Pierre": 0,
    "Robin": 2,
    "Sam": 0,
    "Sandy": 2,
    "Sebastian": 1,
    "Shane": 1,
    "Vincent": 8,
    "Willy": -1,
    "Wizard": 0
  }
}